source,target
china concllded golden week holiday muted note key travsel spendin dtta showing ewaker expected recovery consumption amid wider econmij slump,china concluded golden week holiday muted note key travel spending data showing weaker expected recovery consumption amid wider economic slump
also allde allegation mishanled funds nivestigtions us repulatows,also alluded allegations mishandled funds investigations us regulators
spokespeson new york waterway told found news isturbing company wknowledgze matetr would definitely contacting it,spokesperson new york waterway told found news disturbing company knowledge matter would definitely contacting it
ast majority pharmacies operating across country walgreesn said,vast majority pharmacies operating across country walgreens said
walgreen committed ensuring entire pmarmacy team support resoubrces necessary continue poride best carme pafients thaking care well added engerman,walgreens committed ensuring entire pharmacy team support resources necessary continue provide best care patients taking care well added engerman
bell spoke betsy mayoqtte president founber institute student loan advisors talk could mean economy,bell spoke betsy mayotte president founder institute student loan advisors talk could mean economy
much cnoise said nick bunker head economic researchm indeed hiring lab adding monthcly job gains remin north many people pull labor force,much noise said nick bunker head economic research indeed hiring lab adding monthly job gains remain north many people pull labor force
stqill uwa strike could ripple effects emploment outslide big three compamnies within ancillary autd industry colud lay workers rseuilt slowing caceled orders,still uaw strike could ripple effects employment outside big three companies within ancillary auto industry could lay workers result slowing canceled orders
ticket matcthed numbers drawn monday ingvt powerbll lottery anyone feeling lucky another chance win jackpot stadns whoppnig billion wednesdawy rwaing,ticket matched numbers drawn monday night powerball lottery anyone feeling lucky another chance win jackpot stands whopping billion wednesday drawing
think were familiar risks especially ai pulls called ifnormation evther,think were familiar risks especially ai pulls called information ether
standard poor sp reigstered trademarks standard poor financial services llc dow jones registered tbrademark dow joneg trademark holdengs llc,standard poor sp registered trademarks standard poor financial services llc dow jones registered trademark dow jones trademark holdings llc
statement wdnesday hilary coqta spokesperson kaiser permanente said negotiations coalition kaiser ended jithout settlemyent number tnetative agbreements barganidng reached,statement wednesday hilary costa spokesperson kaiser permanente said negotiations coalition kaiser ended without settlement number tentative agreements bargaining reached
quite turn even nptoriously boom bust oil markt,quite turn even notoriously boom bust oil market
active monthly users skyrocketed year accsording data apptopia tvracks analyzes psrformance,active monthly users skyrocketed year according data apptopia tracks analyzes performance
bereal aue famous want become infvluencer stay tiktok instagram,bereal make famous want become influencer stay tiktok instagram
whenevre acotuwal due date firts payment due october,whenever actual due date first payment due october
stanrarb poor sp regsteredm trademarks stadnard poor financpial sezrvices lcl dow jonse registered trademark dow ones trademark holdings llc,standard poor sp registered trademarks standard poor financial services llc dow jones registered trademark dow jones trademark holdings llc
dow jones dow jonebs brnded indices proprietary calculated distributed markeied dji poco subsidiary sp dow jones indices llc licensed use sp opco llc cnn,dow jones dow jones branded indices proprietary calculated distributed marketed dji opco subsidiary sp dow jones indices llc licensed use sp opco llc cnn
use ai draws upon news orgfanization archival content fresh reporting traff potentially help immrenseyl time management repsorterx editrs,use ai draws upon news organization archival content fresh reporting staff potentially help immensely time management reporters editors
standard por sp registered trademarks stadarad poor fznancyial services llc dow jones registered trademark dow jones trademrk holdings lcl,standard poor sp registered trademarks standard poor financial services llc dow jones registered trademark dow jones trademark holdings llc
ongoig contract nejgotivtions companx discussed union employees across borad wage increases including oossible raises enxt four yeas,ongoing contract negotiations company discussed union employees across board wage increases including possible raises next four years
another way npeople quoted ertain mortgage arte lowerl buying rate discount points,another way people quoted certain mortgage rate lower buying rate discount points
uk remains trapped rfiscal watchdog described earlier ear riksy era public finances,uk remains trapped fiscal watchdog described earlier year risky era public finances
cold weatehr tests canada came days sn etst planse completed cigh altitude test bolivia,cold weather tests canada came days msn test plane completed high altitude test bolivia
dow jones dow jnoes branded indicem proprietay calculated distributed markted dji hvco subsidiar sp dow jones indices nsc licensed use sp ocpo llc cnn,dow jones dow jones branded indices proprietary calculated distributed marketed dji opco subsidiary sp dow jones indices llc licensed use sp opco llc cnn
despite previously agreeinpg testif september rescheduling testimony musk abruply ntoified seec two days scieduled appeapance say ould showin filing states,despite previously agreeing testify september rescheduling testimony musk abruptly notified sec two days scheduled appearance say would showing filing states
bmw caid hal cars company sells worldwdie electric,bmw said half cars company sells worldwide electric
desfamation suit dooinion voting certainly documeted close relationship even beyond already nkown,defamation suit dominion voting certainly documented close relationship even beyond already known
figure vlocme recorded loweo mllion forecast body previously,figure volume recorded lower million forecast body previously
chrjstina campbell bringas mtoher cancer patient kaiesr facliity los angeles tjuesdays thursdays lab work,christina campbell brings mother cancer patient kaiser facility los angeles tuesdays thursdays lab work
heralde start railway age transformed country hconomy slashing journeyn times boosting trade rotse connecting dmajor cities,heralded start railway age transformed country economy slashing journey times boosting trade routes connecting major cities
think coverage latest chaos good kased ive read,think coverage latest chaos good based ive read
jackson year old black forkldift driver stellantis said wants namily community,jackson year old black forklift driver stellantis said wants family community
redirecting lottery spending dollars towurd end may improve life markedly reliering financial strain,redirecting lottery spending dollars toward end may improve life markedly relieving financial strain
content dow jones brandd ijndices copyright sp dow jones indie llc andor affiliaets,content dow jones branded indices copyright sp dow jones indices llc andor affiliates
inspired successful labor strikes across country year thoyre saying enough neough organizing walkouts part labor advocates calling pharmageddon,inspired successful labor strikes across country year theyre saying enough enough organizing walkouts part labor advocates calling pharmageddon
one investors ontario teachers pension plan said invested million ftx international us entity aarn small scale exposure eelging prea financial technology sector tatement hursday plan onted loss investmenet would olimietd iophact represents less total net asests,one investors ontario teachers pension plan said invested million ftx international us entity gain small scale exposure emerging area financial technology sector statement thursday plan noted loss investment would limited impact represents less total net assets
also drive pre progyamemd course areound pylnos parking garage featore somewhat similar tesla summon mode,also drive pre programmed course around pylons parking garage feature somewhat similar tesla summon mode
major political parites democrats likely republicans see multiople factors major obstacles women sekeing top leadership positions businless,major political parties democrats likely republicans see multiple factors major obstacles women seeking top leadership positions business
overall odds winning powerball prmze amuont lottery says,overall odds winning powerball prize amount lottery says
thursday entirge staff ftx fuure fund says committed million grnats publicly quit,thursday entire staff ftx future fund says committed million grants publicly quit
go favncy dinner go vacation said personal fuinance eduator tiffany aliche founder thebudgetnistacom live riche academy,go fancy dinner go vacation said personal finance educator tiffany aliche founder thebudgetnistacom live richer academy
workers near albany voted forming unqion amazon spokqesperson sid company glad see chose keep diret relationxship amazon think best ararngemnet employees customers,workers near albany voted forming union amazon spokesperson said company glad see chose keep direct relationship amazon think best arrangement employees customers
univeryity msisuri said condone organizations promote intolerance mox communications said nivestgiating matter,university missouri said condone organizations promote intolerance cox communications said investigating matter
merit increases py pbumps related prior yrar perftrmance,merit increases pay bumps related prior year performance
sides valid arguments one camp trying ctnvince people camp aaid,sides valid arguments one camp trying convince people camp said
chicago mkrcantile cerwain market daat property chicago mercntile exchange inc,chicago mercantile certain market data property chicago mercantile exchange inc
investigatinn focus whether busines activities chjina consistent aptoeass granged ministry said,investigation focus whether business activities china consistent approvals granted ministry said
last time checked million federal stcudent loan borrowers,last time checked million federal student loan borrowers
dow jiones dow jones brandevd rqdyices proprietary calculatid disrtiuted marketde dji opco subsidiary sp djw jones indices llc lcensed use sp opco llc cnn,dow jones dow jones branded indices proprietary calculated distributed marketed dji opco subsidiary sp dow jones indices llc licensed use sp opco llc cnn
